<?xml version="1.0" encoding="utf-8" standalone="no" ?>
<modDesc descVersion="9">
    <author>Miko | rafal@mikoweb.pl</author>
    <version>1.2</version>
	<title>
		<pl>Gauges Gearbox &amp; Realistic</pl>
		<en>Gauges Gearbox &amp; Realistic</en> 
		<de>Gauges Gearbox &amp; Realistic</de>
	</title> 
	<description> 
		<pl>lorem ipsum</pl>
		<en>lorem ipsum</en> 
		<de>lorem ipsum</de>
	</description>
	
	<iconFilename>images/store.dds</iconFilename> 
	<multiplayer supported="true"/>
	
	<extraSourceFiles>
		<sourceFile filename="app/externalScripts/addIgnition.lua"/>
		<sourceFile filename="app/event/gearboxSpecializationEvent.lua"/>
		<!-- Init mod -->
		<sourceFile filename="Loader.lua" />
    </extraSourceFiles>
	
	<inputBindings>
		<input name="MANUAL_IGNITION_KEY" category="VEHICLE" key1="KEY_KP_enter" key2="KEY_KP_period" button="" device="0" mouse="" />
    </inputBindings>
	
    <l10n>
        <text name="MANUAL_IGNITION_KEY">
			<en>Klawisz do odpalania silnika</en>
            <en>Start key for manual ignition</en>
            <de>Start-Taste für manuelle Zündung</de>
        </text>
        <text name="MANUAL_IGNITION_START">
            <pl>Włącz zapłon</pl>
			<en>Start Engine!</en>
            <de>Starten Engine!</de>
        </text>
        <text name="MANUAL_IGNITION_PRE">
			<pl>Uruchom silnik</pl>
            <en>Preheating before start!</en>
            <de>Vorglühen vor dem Start!</de>
        </text>
        <text name="MANUAL_IGNITION_ERROR">
            <en>Start engine!</en>
            <de>Starten Sie den Motor!</de>
        </text>
        <text name="MANUAL_IGNITION_ERROR2">
            <en>Wait for the pre heater to finish!</en>
            <de>Warten Sie auf den Vorwärmer zu beenden!</de>
        </text>
    </l10n>	
</modDesc>